problem,n,mode,method,start_id,f_final,success,num_iters,num_cg_iters,grad_norm,time,rate,n_plateau
chained_serpentine,1000,exact,tn,0,1.9244857701952934e-22,1,2208,43179,1.971664589959764e-10,110.84994039998855,0.18836671639619879,9
chained_serpentine,1000,exact,tn,1,7.238547867231944e-20,1,921,21521,3.823854951700499e-09,56.174047000007704,0.5984089437049078,5
chained_serpentine,1000,exact,tn,2,6.039112333967812e-27,1,1379,33794,1.104491145940743e-12,84.37463430000935,0.14073410197251862,8
chained_serpentine,1000,exact,tn,3,1.7269866812912413e-25,1,886,22843,5.906361929357149e-12,56.76345690002199,0.28161445076228875,6
chained_serpentine,1000,exact,tn,4,6.249257483547703e-30,1,1839,32026,3.5460113240357884e-14,87.13847730006091,0.1504501341900568,5