problem,n,mode,method,start_id,f_final,success,num_iters,num_cg_iters,grad_norm,time,rate
chained_serpentine,1000,exact,tn,0,1.8423827267186353e-21,1,3386,74741,2.954734424465917e-10,196.13568160007708,0.15230841857802907
chained_serpentine,1000,exact,tn,1,6.84325999264613e-16,1,2203,50866,3.4331574473893164e-07,129.07695240003522,0.5190551425297143
chained_serpentine,1000,exact,tn,2,4.3106323636348904e-23,1,3003,66373,7.344035100673292e-11,184.73815130000003,0.1412188457480426
chained_serpentine,1000,exact,tn,3,6.882498670417709e-22,1,2427,56633,1.5706963766286532e-10,143.69213410001248,0.15170582252991
chained_serpentine,1000,exact,tn,4,3.839139568307541e-25,1,2216,48046,7.59739949790773e-12,122.93756929994561,0.26179054324190915
chained_serpentine,1000,exact,tn,5,3.440346227769554e-22,1,2590,58251,7.181627647659362e-11,162.563629600103,0.19921570771917005